Date,house_price_index,population,house_supply,gdp,mortgage_rate,employment_rate,permit_new,ppi_res,m3,cci,delinquency_rate,hcai
01-01-87,63.965,241857,6,99.90281335,9.204,70.16308505,1690,100,2.7439,100.4624,,
01-02-87,64.424,242005,6.2,99.87586442,9.0825,70.28920495,1689,100.4,2.7475,100.4945,,
01-03-87,64.735,242166,6,99.8697339,9.035,70.32167787,1704,100.7,2.7537,100.572,,
01-04-87,65.132,242338,6,99.8820871,9.8325,70.49906164,1601,101.1,2.7677,100.6568,,
01-05-87,65.565,242516,6.7,99.91037065,10.596,70.80830806,1500,101.3,2.7729,100.6919,,
01-06-87,66.073,242706,6.9,99.95409087,10.5375,70.5857077,1522,101.5,2.7746,100.7686,,
01-07-87,66.508,242908,6.7,100.016021,10.278,70.79351785,1516,102,2.779,100.8778,,
01-08-87,66.939,243118,6.8,100.0984042,10.33,70.99908919,1511,102.3,2.7882,100.8828,,
01-09-87,67.331,243335,6.8,100.1979314,10.8875,70.91544754,1514,102.9,2.7995,100.6881,,
01-10-87,67.738,243543,6.8,100.299312,11.26,71.10611082,1447,103,2.8148,100.3227,,
01-11-87,68.107,243724,7,100.3847761,10.65,71.16438776,1457,103.3,2.8189,100.0337,,
01-12-87,68.506,243895,7.6,100.4435091,10.64,71.29550445,1345,103.4,2.8264,100.1095,,
01-01-88,68.859,244056,7.5,100.482274,10.3825,71.32077175,1244,103.9,2.8474,100.3865,,
01-02-88,69.263,244205,6.6,100.5145096,9.8925,71.379813,1438,104.1,2.8704,100.6399,,
01-03-88,69.639,244362,6.6,100.5509712,9.93,71.27074357,1525,104.5,2.8907,100.8116,,
01-04-88,69.977,244528,6.4,100.5909909,10.202,71.52921613,1429,105,2.9107,100.8577,,
01-05-88,70.426,244708,6.6,100.6296123,10.455,71.33103539,1444,105.2,2.926,100.9552,,
01-06-88,70.888,244914,6.2,100.6645604,10.46,71.58933195,1485,105.6,2.9384,101.0271,,
01-07-88,71.354,245131,6.6,100.7034102,10.432,71.68153101,1439,106.1,2.9472,101.0987,,
01-08-88,71.799,245352,6.6,100.7568569,10.5975,71.80118925,1460,106,2.952,101.2135,,
01-09-88,72.24,245579,6.5,100.8318697,10.48,71.81210948,1436,106.3,2.9569,101.1973,,
01-10-88,72.636,245789,6,100.9239446,10.3025,71.93679438,1516,106.4,2.9653,101.0484,,
01-11-88,73.072,245970,7.2,101.0230147,10.265,72.03517113,1508,106.8,2.9802,100.9406,,
01-12-88,73.465,246140,6.8,101.1182431,10.612,72.10745366,1501,107,2.9882,100.9688,,
01-01-89,73.947,246301,6.2,101.2024469,10.73,72.27703066,1466,107.6,2.9917,101.1181,,
01-02-89,74.383,246454,7.5,101.2709068,10.645,72.30408515,1383,108.5,2.9922,101.0967,,
01-03-89,74.778,246626,8.2,101.3211054,11.032,72.41098297,1214,109.2,2.9997,100.9433,,
01-04-89,75.085,246814,7.4,101.3537307,11.05,72.35926187,1376,110.1,3.006,100.7336,,
01-05-89,75.306,247010,7.1,101.3702091,10.7725,72.3898812,1381,110.6,3.0116,100.5943,,
01-06-89,75.48,247228,7.2,101.3716537,10.196,72.58345983,1322,110.7,3.0279,100.5602,,
01-07-89,75.658,247458,6.1,101.3591294,9.8825,72.59715167,1283,111.1,3.0524,100.6122,,
01-08-89,75.836,247695,6.4,101.3348182,9.985,72.70362822,1334,110.8,3.0744,100.6989,,
01-09-89,76.057,247942,7.1,101.3043357,10.126,72.47735655,1314,111,3.0925,100.8612,,
01-10-89,76.283,248174,6.9,101.2800355,9.9475,72.56904016,1365,111.5,3.1141,100.8429,,
01-11-89,76.521,248380,6.6,101.2740146,9.7675,72.72474713,1344,111.3,3.1333,100.7103,,
01-12-89,76.705,248569,7,101.2908683,9.744,72.57324251,1422,110.8,3.1525,100.6311,,
01-01-90,76.897,248743,7,101.3192884,9.895,72.48943709,1748,111.2,3.1668,100.6283,,
01-02-90,77.053,248920,7.6,101.3402573,10.1975,72.46759526,1329,111.4,3.1792,100.6091,,
01-03-90,77.201,249146,7.8,101.3345009,10.268,72.51231695,1246,111.9,3.1901,100.6827,,
01-04-90,77.278,249436,8.3,101.2905828,10.37,72.32320388,1136,112.6,3.2016,100.7387,,
01-05-90,77.298,249707,8.2,101.2004578,10.4775,72.50139138,1067,112.6,3.2006,100.6001,,
01-06-90,77.258,249990,7.9,101.0578732,10.164,72.42706971,1108,112,3.2137,100.2951,,
01-07-90,77.138,250285,7.8,100.8601753,10.035,72.28284034,1078,112.2,3.2245,99.77992,,
01-08-90,77.009,250595,8.2,100.6079884,10.1,72.11976339,1069,112.3,3.242,98.95334,,
01-09-90,76.85,250904,8.4,100.3088984,10.175,71.94829096,976,112.7,3.2546,98.15925,,
01-10-90,76.7,251201,8.7,99.98500435,10.1775,71.9459666,925,112.8,3.2593,97.52459,,
01-11-90,76.37,251486,8.2,99.66426538,10.014,71.60458315,941,112.8,3.2626,97.29921,,
01-12-90,76.185,251758,8.5,99.3738997,9.6725,71.56983031,861,112.7,3.2718,97.36773,,
01-01-91,75.916,252012,9.4,99.13384981,9.6375,71.35898928,786,112.9,3.2877,97.73981,3.18,
01-02-91,75.735,252253,7.9,98.95719661,9.365,71.18393356,853,112.7,3.3045,98.41863,3.18,
01-03-91,75.57,252507,7.3,98.84700762,9.5,71.03766085,911,112.9,3.3219,99.19271,3.18,
01-04-91,75.567,252778,7.3,98.78861783,9.4925,71.22498,916,113.3,3.3324,99.41135,3.07,
01-05-91,75.765,253060,7,98.76158532,9.472,70.85507979,991,114.2,3.343,99.39314,3.07,
01-06-91,75.993,253350,7,98.74775956,9.615,71.03257857,964,115.6,3.3519,99.46294,3.07,
01-07-91,76.083,253650,7.1,98.73703743,9.575,70.98545289,973,115.8,3.3561,99.52857,3.17,
01-08-91,76.11,253966,6.8,98.72685139,9.244,70.76418213,944,114.5,3.355,99.49039,3.17,
01-09-91,76.194,254280,7.4,98.72137015,9.0075,70.97117902,974,114.7,3.3549,99.27659,3.17,
01-10-91,76.075,254576,6.7,98.73057725,8.855,70.84383453,991,114.5,3.3601,98.76786,3.3,
01-11-91,76.014,254841,6.2,98.76590132,8.712,70.71360658,984,114.6,3.3655,98.13734,3.3,
01-12-91,76.056,255089,6.2,98.83470677,8.4975,70.558959,1061,115,3.3722,97.76636,3.3,
01-01-92,76.086,255331,5.2,98.93278058,8.432,70.82478958,1077,115.6,3.3812,97.71429,3.23,
01-02-92,76.155,255576,4.9,99.05092815,8.7625,70.64509162,1146,117.3,3.4,97.97602,3.23,
01-03-92,76.276,255848,6.1,99.17928139,8.935,70.69513053,1082,118.1,3.4039,98.4456,3.23,
01-04-92,76.346,256139,6.1,99.31000242,8.8525,70.85896505,1054,118.5,3.3997,98.81865,2.96,
01-05-92,76.399,256437,6,99.43714226,8.672,70.81219628,1056,118.7,3.3986,99.03103,2.96,
01-06-92,76.332,256742,5.6,99.55615035,8.51,70.95710427,1057,118.4,3.3934,99.03729,2.96,
01-07-92,76.264,257063,5.3,99.66345297,8.128,71.12001116,1089,118.1,3.3939,98.85054,2.88,
01-08-92,76.23,257390,5.2,99.75474689,7.975,70.92608031,1075,118.2,3.3988,98.68761,2.88,
01-09-92,76.239,257704,5,99.82394196,7.9225,70.77135222,1114,119.2,3.4103,98.67641,2.88,
01-10-92,76.377,258004,5.1,99.86306881,8.088,70.62834819,1132,119,3.4238,98.95572,2.86,
01-11-92,76.559,258280,5.4,99.86487424,8.305,70.65851747,1118,119.3,3.4265,99.62333,2.86,
01-12-92,76.674,258546,5,99.8273805,8.206,70.77770065,1176,120.6,3.4247,100.1666,2.86,
01-01-93,76.784,258799,5.4,99.76088573,7.9925,70.84154358,1177,122.6,3.4191,100.3087,2.82,
01-02-93,76.838,259036,5.3,99.68033192,7.6825,70.94913906,1148,125.3,3.4145,100.1847,2.82,
01-03-93,76.868,259283,5.4,99.59962399,7.495,71.01298344,1056,127.8,3.4117,99.98457,2.82,
01-04-93,76.937,259547,4.7,99.52686425,7.472,70.92464659,1104,128.2,3.4113,99.73684,2.58,
01-05-93,77.037,259822,5.3,99.4677207,7.465,71.20014696,1112,127,3.4369,99.42039,2.58,
01-06-93,77.243,260109,5.2,99.42804825,7.4175,71.34758352,1130,125.7,3.4424,99.17429,2.58,
01-07-93,77.429,260411,5.3,99.41536094,7.206,71.34711553,1174,125.1,3.442,98.94565,2.59,
01-08-93,77.613,260717,5.5,99.43673557,7.1125,71.39201596,1230,125.6,3.4457,98.88703,2.59,
01-09-93,77.795,261015,4.9,99.4946196,6.915,71.20476545,1251,126.7,3.4522,99.01743,2.59,
01-10-93,77.942,261294,5,99.5799969,6.834,71.22086324,1287,126.9,3.4567,99.31871,2.45,
01-11-93,78.149,261550,4.8,99.68021867,7.155,71.4605502,1357,127.8,3.4701,99.6809,2.45,
01-12-93,78.327,261796,4.5,99.78461798,7.172,71.60904056,1461,128.9,3.4745,100.2065,2.45,
01-01-94,78.592,262021,5.9,99.88884691,7.06,71.55468183,1390,130,3.4749,100.6591,2.47,
01-02-94,78.727,262237,5,99.99131581,7.1525,71.66441197,1269,129.8,3.4757,100.8207,2.47,
01-03-94,78.857,262491,4.8,100.0894214,7.675,71.54974736,1342,130.1,3.4801,100.8091,2.47,
01-04-94,78.988,262754,5.2,100.1756773,8.316,71.64327874,1392,129.3,3.4813,100.7772,2.18,
01-05-94,79.223,263014,5.3,100.2418002,8.5975,71.95505462,1396,129.2,3.4908,100.7101,2.18,
01-06-94,79.424,263294,6.2,100.2834253,8.3975,71.80952756,1357,130.1,3.4795,100.5959,2.18,
01-07-94,79.596,263580,6.3,100.3060293,8.614,71.83570784,1335,129.9,3.4882,100.5179,2.11,
01-08-94,79.782,263871,6.1,100.3173244,8.5125,72.097205,1377,130.4,3.4857,100.5673,2.11,
01-09-94,79.919,264159,6,100.320836,8.64,72.23638378,1412,131,3.4861,100.6433,2.11,
01-10-94,80.065,264430,5.6,100.3101359,8.925,72.43906509,1397,131.2,3.4843,100.7444,2.11,
01-11-94,80.15,264681,6.3,100.27476,9.17,72.61348209,1340,132.1,3.4872,100.8673,2.11,
01-12-94,80.297,264924,6.6,100.2069382,9.198,72.68055584,1396,132.1,3.4864,101.057,2.11,
01-01-95,80.427,265157,6.8,100.1098545,9.1475,72.57960842,1282,132.6,3.4924,101.1452,2.11,
01-02-95,80.529,265383,7.3,99.9924501,8.8275,72.73147732,1254,132.6,3.4899,101.0023,2.11,
01-03-95,80.599,265625,6.8,99.86618875,8.462,72.70093786,1226,133.3,3.4911,100.7647,2.11,
01-04-95,80.661,265877,6.7,99.7431703,8.32,72.59810735,1259,133.5,3.4992,100.6617,2.03,
01-05-95,80.705,266134,6.3,99.63368596,7.955,72.40615992,1271,133.6,3.5242,100.6481,2.03,
01-06-95,80.786,266414,5.8,99.54345212,7.566,72.44221033,1305,133.1,3.5489,100.7846,2.03,
01-07-95,80.937,266700,5.6,99.46977091,7.6075,72.54572798,1354,133.7,3.5674,100.9107,2.15,
01-08-95,81.111,266998,6.1,99.40712791,7.86,72.47575377,1386,133.9,3.589,100.8742,2.15,
01-09-95,81.307,267304,6.3,99.3513932,7.636,72.48826564,1421,134.3,3.6021,100.6195,2.15,
01-10-95,81.483,267585,6.3,99.303044,7.475,72.56721315,1400,133.7,3.6134,100.4511,2.28,
01-11-95,81.62,267829,6.8,99.26647218,7.3775,72.48367404,1430,132.9,3.6199,100.3675,2.28,
01-12-95,81.737,268047,6.4,99.24861976,7.2,72.35268001,1442,132.7,3.6295,100.3933,2.28,
01-01-96,81.835,268258,6.4,99.25663205,7.03,72.3379475,1387,132.6,3.6479,100.4108,2.22,
01-02-96,81.954,268480,5.3,99.29549752,7.075,72.51863111,1420,132.7,3.6618,100.4873,2.22,
01-03-96,82.194,268724,6.2,99.36366866,7.624,72.59435063,1437,133.1,3.6869,100.6429,2.22,
01-04-96,82.422,268980,6,99.44627233,7.925,72.55838052,1463,133.5,3.6977,100.6736,2.17,
01-05-96,82.611,269247,5.9,99.52426253,8.07,72.71010265,1457,135,3.7096,100.6515,2.17,
01-06-96,82.753,269527,6,99.58231333,8.32,72.82914103,1429,135.5,3.7225,100.7675,2.17,
01-07-96,82.929,269822,5.7,99.61683529,8.245,72.99268962,1450,135,3.7371,100.938,2.22,
01-08-96,83.087,270130,5,99.63046249,8.002,73.05113095,1413,135.7,3.744,101.0664,2.22,
01-09-96,83.258,270433,5.2,99.62804688,8.23,73.1687924,1392,136.8,3.7534,101.1634,2.22,
01-10-96,83.378,270730,5.6,99.61400073,7.915,73.29115393,1358,135.9,3.7728,101.2941,2.41,
01-11-96,83.553,271002,5.2,99.59361551,7.618,73.15559826,1412,136.9,3.7951,101.4051,2.41,
01-12-96,83.722,271243,5,99.57507135,7.5975,73.11089745,1411,136.7,3.8186,101.4214,2.41,
01-01-97,83.956,271472,4.7,99.57176496,7.824,73.04381899,1382,137,3.8346,101.4756,2.32,
01-02-97,84.181,271703,4.5,99.59682484,7.65,73.07354957,1445,137.9,3.8463,101.6016,2.32,
01-03-97,84.453,271952,4.1,99.65646673,7.8975,73.35451736,1436,138.3,3.8612,101.7435,2.32,
01-04-97,84.624,272213,4.7,99.74120148,8.1425,73.36524108,1421,138.7,3.877,101.9196,2.19,
01-05-97,84.862,272482,4.6,99.83462559,7.944,73.49515305,1414,139.2,3.8892,102.1185,2.19,
01-06-97,85.081,272767,4.4,99.92022249,7.69,73.45465423,1402,138.8,3.906,102.2998,2.19,
01-07-97,85.333,273074,4.4,99.98740479,7.4975,73.67423299,1440,138.9,3.9239,102.4218,2.22,
01-08-97,85.574,273395,4.3,100.0303505,7.48,73.75519988,1449,138.8,3.9574,102.4246,2.22,
01-09-97,85.851,273703,4.2,100.0480428,7.43,73.64756731,1494,138.4,3.9731,102.4362,2.22,
01-10-97,86.148,273989,4.3,100.0459307,7.294,73.66168856,1499,137.7,3.9923,102.4289,2.34,
01-11-97,86.633,274249,3.9,100.0317965,7.205,73.81068267,1469,137.9,4.0148,102.4092,2.34,
01-12-97,87.094,274499,4.4,100.0130008,7.095,73.7474576,1456,137.6,4.0329,102.3754,2.34,
01-01-98,87.616,274732,4,99.99457029,6.994,73.70537639,1555,137.3,4.0562,102.5385,2.16,10.024
01-02-98,88.004,274943,3.9,99.9805494,7.0425,73.77610597,1647,137.5,4.0889,102.7129,2.16,10.024
01-03-98,88.443,275175,4.1,99.97529839,7.1275,73.7986976,1605,137.5,4.1143,102.721,2.16,10.024
01-04-98,88.879,275434,4,99.98445439,7.14,73.86966452,1547,137.9,4.1402,102.6981,2.03,9.668
01-05-98,89.365,275700,3.9,100.0139885,7.144,73.88094185,1554,137.6,4.1644,102.5923,2.03,9.668
01-06-98,89.845,275976,3.8,100.0682346,6.9975,73.8044566,1551,137.1,4.1841,102.4651,2.03,9.668
01-07-98,90.311,276266,4,100.1464584,6.952,73.73323319,1610,137.8,4.2038,102.3196,2.1,10.491
01-08-98,90.786,276566,4.1,100.2443251,6.9225,73.80196207,1654,138.2,4.2287,102.1141,2.1,10.491
01-09-98,91.26,276859,4.1,100.353617,6.7225,73.92846423,1577,137.9,4.2676,101.8571,2.1,10.491
01-10-98,91.719,277140,4,100.4605231,6.71,73.86380027,1719,137.2,4.3077,101.7117,2.17,12.708
01-11-98,92.201,277402,3.5,100.5506812,6.865,73.9219699,1672,137.1,4.3464,101.8115,2.17,12.708
01-12-98,92.713,277658,3.8,100.6143942,6.738,74.05553179,1742,137.3,4.3752,101.9642,2.17,12.708
01-01-99,93.209,277891,3.9,100.6530417,6.785,74.08422737,1732,137.9,4.4026,102.2202,1.9,12.709
01-02-99,93.672,278095,4,100.6743958,6.8075,73.94010477,1720,138.7,4.4253,102.4426,1.9,12.709
01-03-99,94.218,278324,4.1,100.689771,7.04,73.93800047,1665,139.6,4.4321,102.4803,1.9,12.709
01-04-99,94.785,278584,3.9,100.7124896,6.916,73.81454687,1600,140.1,4.4607,102.4751,1.8,13.179
01-05-99,95.345,278859,4,100.7548698,7.145,73.97753908,1640,141,4.4853,102.5217,1.8,13.179
01-06-99,95.976,279148,3.9,100.8248009,7.55,73.90137862,1702,142.6,4.5072,102.5336,1.8,13.179
01-07-99,96.593,279448,4,100.921003,7.632,73.8762734,1682,144,4.5345,102.4743,2.15,15.512
01-08-99,97.221,279752,4,101.0363267,7.9425,73.91113738,1671,143.7,4.5517,102.4085,2.15,15.512
01-09-99,97.864,280053,4.5,101.159213,7.8225,73.8259892,1551,142.2,4.5677,102.3975,2.15,15.512
01-10-99,98.524,280337,4.2,101.2738492,7.852,73.93572791,1649,141,4.5915,102.3755,2.08,16.97
01-11-99,99.155,280594,4.3,101.3666754,7.7375,74.03790118,1672,141.3,4.6105,102.5014,2.08,16.97
01-12-99,99.846,280846,4.3,101.4335682,7.912,74.11453162,1683,141.7,4.638,102.6762,2.08,16.97
01-01-00,100.552,281083,4.3,101.4886379,8.21,74.26294831,1727,142.4,4.6662,102.9214,1.95,17.087
01-02-00,101.339,281299,4.3,101.5495561,8.325,74.28249653,1692,142.7,4.6794,102.9776,1.95,17.087
01-03-00,102.127,281531,4.3,101.623859,8.24,74.24202605,1651,143.2,4.7102,102.8916,1.95,17.087
01-04-00,102.922,281763,4.4,101.6949619,8.1525,74.50743585,1597,143.2,4.7661,102.8719,1.89,16.594
01-05-00,103.677,281996,4.4,101.7369063,8.515,74.07953107,1543,142.2,4.7539,102.845,1.89,16.594
01-06-00,104.424,282247,4.8,101.7294258,8.288,74.21299709,1572,142.4,4.7718,102.7399,1.89,16.594
01-07-00,105.054,282504,4.1,101.6751437,8.1475,73.82639526,1542,141.9,4.7894,102.7044,2.07,15.357
01-08-00,105.767,282769,4.4,101.5859322,8.0275,73.87804544,1552,141.2,4.8175,102.6673,2.07,15.357
01-09-00,106.537,283033,4,101.4727659,7.912,73.86201744,1570,141.3,4.8532,102.6143,2.07,15.357
01-10-00,107.382,283285,4,101.3383193,7.795,73.8834533,1577,141.1,4.8692,102.4984,2.42,15.779
01-11-00,108.302,283523,4.2,101.1815496,7.745,73.92742133,1614,140.8,4.8803,102.2301,2.42,15.779
01-12-00,109.14,283748,3.6,101.0039326,7.382,74.11726739,1543,140.6,4.925,101.6668,2.42,15.779
01-01-01,109.846,283960,3.8,100.8173727,7.0325,73.97502609,1699,140.3,4.9757,101.1086,2.28,16.253
01-02-01,110.5,284166,3.7,100.6352539,7.05,73.88141454,1656,140.9,5.0141,100.7007,2.28,16.253
01-03-01,111.108,284380,3.8,100.4644149,6.952,73.92006544,1659,141,5.072,100.5246,2.28,16.253
01-04-01,111.651,284602,3.9,100.2970757,7.0775,73.55176452,1666,141.3,5.1359,100.4893,2.3,15.664
01-05-01,112.163,284834,4,100.1211007,7.145,73.39667822,1665,143.4,5.133,100.6205,2.3,15.664
01-06-01,112.796,285076,4.2,99.93000856,7.16,73.14266893,1626,143.7,5.1735,100.7048,2.3,15.664
01-07-01,113.491,285324,4.2,99.73357868,7.1275,73.1263335,1598,142.4,5.2034,100.613,2.19,15.213
01-08-01,114.166,285584,4.4,99.5492875,6.95,72.57599782,1615,142.4,5.2372,100.2912,2.19,15.213
01-09-01,114.811,285842,4.4,99.39436289,6.8175,72.79304313,1565,142.4,5.3484,99.82761,2.19,15.213
01-10-01,115.308,286086,4.3,99.27720359,6.6175,72.4630205,1566,141.1,5.3371,99.66045,2.41,15.188
01-11-01,115.855,286315,4.1,99.20028332,6.658,72.30498377,1651,140.8,5.3808,99.81811,2.41,15.188
01-12-01,116.453,286533,3.8,99.16036288,7.065,72.22547248,1680,140.1,5.4338,100.1996,2.41,15.188
01-01-02,117.143,286739,4.2,99.14583312,6.9975,72.01693636,1665,140.3,5.4541,100.5686,2.21,15.739
01-02-02,117.844,286935,4,99.14228727,6.8925,72.33220257,1787,140.3,5.4834,100.7896,2.21,15.739
01-03-02,118.687,287131,4.1,99.13625322,7.014,72.13191013,1691,140.9,5.4952,100.9895,2.21,15.739
01-04-02,119.611,287343,4.3,99.11813986,6.985,71.91477643,1669,141.3,5.4954,101.0457,2.06,15.743
01-05-02,120.724,287571,4,99.08129794,6.806,72.02637214,1716,141.2,5.5215,101.0179,2.06,15.743
01-06-02,121.813,287808,4.2,99.02194226,6.65,71.8410011,1758,141.1,5.5465,100.7504,2.06,15.743
01-07-02,122.888,288051,4.2,98.94039631,6.485,71.74810117,1738,141.3,5.5891,100.3922,2.05,16.048
01-08-02,123.831,288303,4,98.8398225,6.29,71.88952014,1695,141.6,5.6316,100.097,2.05,16.048
01-09-02,124.78,288554,3.9,98.72652971,6.0925,72.07604415,1803,141.6,5.656,99.83873,2.05,16.048
01-10-02,125.734,288794,4,98.61162445,6.1125,71.88980836,1799,141.4,5.7004,99.64377,2.13,16.404
01-11-02,126.669,289012,4,98.50824158,6.068,71.54180146,1771,141,5.7506,99.65983,2.13,16.404
01-12-02,127.622,289214,4,98.42892693,6.0475,71.57008541,1896,141,5.772,99.65712,2.13,16.404
01-01-03,128.461,289412,4,98.38222762,5.916,71.59030104,1808,141.4,5.8046,99.46645,1.96,17.231
01-02-03,129.355,289606,4.5,98.37511268,5.8425,71.52052557,1854,142.4,5.8407,99.29735,1.96,17.231
01-03-03,130.148,289809,4.1,98.41301193,5.745,71.39622472,1757,142.4,5.8614,99.38618,1.96,17.231
01-04-03,130.884,290024,4.1,98.49697031,5.8125,71.37855602,1803,142.6,5.8988,99.84995,1.74,16.863
01-05-03,131.735,290250,3.9,98.62491631,5.484,71.21306064,1835,142.6,5.9593,100.3072,1.74,16.863
01-06-03,132.649,290484,3.5,98.78952691,5.23,71.21528588,1875,142.9,5.996,100.474,1.74,16.863
01-07-03,133.776,290726,3.6,98.97281184,5.6325,70.98995251,1885,143.8,6.0427,100.4764,1.68,16.945
01-08-03,134.968,290974,3.5,99.15328321,6.264,71.00284487,1966,144.2,6.1008,100.3809,1.68,16.945
01-09-03,136.294,291222,3.8,99.31173579,6.1475,70.91933054,1961,145.9,6.0728,100.343,1.68,16.945
01-10-03,137.532,291463,3.8,99.43719883,5.952,71.0562542,2012,146.4,6.0636,100.5015,1.93,18.715
01-11-03,138.794,291677,4.1,99.5248105,5.9325,71.13727222,1918,146.6,6.0691,100.8138,1.93,18.715
01-12-03,140.18,291868,4,99.57596717,5.876,71.11806807,1987,145.9,6.0673,101.1378,1.93,18.715
01-01-04,141.646,292046,3.8,99.6011029,5.7125,71.27802136,1952,146.2,6.0755,101.4364,1.63,18.895
01-02-04,143.192,292230,3.7,99.61375729,5.635,71.20857649,1966,148.5,6.1143,101.315,1.63,18.895
01-03-04,145.059,292434,3.6,99.62650948,5.445,71.04987551,2066,150.4,6.1501,101.1356,1.63,18.895
01-04-04,146.592,292651,4,99.64784317,5.83,71.18273755,2070,152.3,6.1912,100.9527,1.52,18.759
01-05-04,148.185,292872,3.8,99.68318913,6.27,71.13162713,2150,153.9,6.2681,100.8689,1.52,18.759
01-06-04,149.85,293103,3.9,99.73537365,6.2875,71.10718812,2020,153.7,6.2705,101.0163,1.52,18.759
01-07-04,151.338,293350,4.5,99.804084,6.056,71.30393312,2112,153.7,6.2843,101.1354,1.55,20.181
01-08-04,152.633,293603,4.3,99.88749703,5.8675,71.26523753,2056,155.6,6.3106,101.109,1.55,20.181
01-09-04,154.179,293857,4.1,99.98274902,5.754,71.15240844,2041,156.6,6.3453,100.982,1.55,20.181
01-10-04,155.751,294104,3.9,100.0853865,5.7225,71.22236285,2097,156.3,6.3733,100.8866,1.51,19.687
01-11-04,157.527,294337,4.3,100.1897949,5.73,71.36334258,2079,155.8,6.3998,100.9552,1.51,19.687
01-12-04,159.33,294561,4.1,100.289149,5.752,71.30009354,2082,156.1,6.4183,101.1003,1.51,19.687
01-01-05,161.288,294768,4.4,100.3753013,5.71,71.30858847,2139,158,6.4245,101.0846,1.4,19.95
01-02-05,163.344,294955,4.3,100.4410926,5.6275,71.2243995,2114,159.7,6.4328,100.9182,1.4,19.95
01-03-05,165.812,295149,4.1,100.4836952,5.928,71.26674162,2062,160.6,6.4419,100.6729,1.4,19.95
01-04-05,167.501,295359,4.3,100.5094965,5.855,71.43594406,2150,161.1,6.4559,100.4714,1.47,20.327
01-05-05,169.351,295582,4.2,100.5284591,5.72,71.52919517,2085,160.7,6.4733,100.5441,1.47,20.327
01-06-05,171.19,295824,4.3,100.5498186,5.582,71.49490588,2178,161.8,6.5058,100.8115,1.47,20.327
01-07-05,172.86,296077,4.2,100.5784307,5.695,71.62719142,2203,162.3,6.5374,100.7115,1.54,20.09
01-08-05,174.44,296338,4.5,100.6171524,5.82,71.82585969,2219,162.5,6.5702,100.0794,1.54,20.09
01-09-05,176.437,296606,4.7,100.6688541,5.774,71.68737403,2263,164.8,6.6043,99.31103,1.54,20.09
01-10-05,178.027,296857,4.5,100.7378655,6.065,71.69166084,2170,166.7,6.6386,99.06166,1.78,21.088
01-11-05,179.681,297089,5,100.8264078,6.33,71.55668242,2218,165.9,6.655,99.47491,1.78,21.088
01-12-05,180.91,297311,4.9,100.9299494,6.272,71.62654856,2120,166.8,6.6819,100.0915,1.78,21.088
01-01-06,182.32,297526,5.3,101.0313087,6.145,71.68959915,2212,169.3,6.7243,100.3698,1.57,21.774
01-02-06,183.287,297734,6.1,101.1096438,6.2525,71.77447655,2141,169.9,6.7486,100.3178,1.57,21.774
01-03-06,184.364,297950,5.9,101.1498094,6.324,71.84186171,2118,170.8,6.7629,100.1773,1.57,21.774
01-04-06,184.329,298170,6.3,101.1535532,6.5075,71.78919938,1998,172.3,6.8001,99.90844,1.53,21.437
01-05-06,184.156,298401,6.2,101.1316447,6.5975,71.87020667,1905,173.4,6.8069,99.60704,1.53,21.437
01-06-06,183.507,298653,6.3,101.0987941,6.682,72.00719053,1867,174,6.8449,99.58485,1.53,21.437
01-07-06,183.067,298910,7.3,101.0706528,6.7625,72.00609721,1763,174.8,6.8863,99.62349,1.72,21.362
01-08-06,182.593,299178,6.7,101.0599623,6.524,72.09809497,1722,175.2,6.9171,99.72852,1.72,21.362
01-09-06,182.799,299452,6.7,101.0726393,6.4025,72.05045513,1655,174.6,6.9442,100.0655,1.72,21.362
01-10-06,183.2,299710,7.3,101.1028546,6.3575,72.24154986,1570,173.7,6.9933,100.5142,2.11,21.321
01-11-06,183.611,299950,6.6,101.1406471,6.24,72.17787164,1535,173.7,7.0284,100.7611,2.11,21.321
01-12-06,184.141,300178,6.5,101.1784864,6.135,72.32395439,1638,173.8,7.0716,100.8845,2.11,21.321
01-01-07,184.518,300398,7.2,101.2175221,6.2175,72.13950335,1626,174.5,7.1096,100.9187,2.01,18.249
01-02-07,184.599,300608,7.9,101.2630817,6.285,71.9761166,1598,175.1,7.1253,100.6802,2.01,18.249
01-03-07,184.15,300823,7.9,101.3203217,6.156,72.01818858,1596,176,7.1591,100.3898,2.01,18.249
01-04-07,183.011,301045,7.4,101.3896429,6.18,71.70548961,1470,176.9,7.2313,100.2038,2.17,11.542
01-05-07,181.601,301278,7.8,101.4684932,6.262,71.75388273,1493,177.5,7.2454,100.1394,2.17,11.542
01-06-07,180.254,301528,8.2,101.5525247,6.6575,71.76906947,1407,177.8,7.2786,100.0959,2.17,11.542
01-07-07,179.111,301790,8.3,101.6362885,6.695,71.7336101,1361,178.3,7.309,100.0712,2.73,10.264
01-08-07,178.117,302064,9.2,101.7131265,6.572,71.56721976,1321,177.9,7.3851,99.82634,2.73,10.264
01-09-07,177.558,302334,9.2,101.7753004,6.3825,71.6966198,1261,177.8,7.4032,99.55374,2.73,10.264
01-10-07,176.624,302590,8.5,101.8148356,6.375,71.57865066,1192,177.5,7.4172,99.23906,3.3,10.363
01-11-07,175.147,302834,9.4,101.825852,6.208,71.77461335,1224,178.3,7.4418,98.93367,3.3,10.363
01-12-07,174.341,303062,9.6,101.8087146,6.095,71.55160633,1149,178.2,7.4716,98.75399,3.3,10.363
01-01-08,173.133,303280,9.3,101.7763886,5.758,71.68004844,1094,179.1,7.5055,98.58128,3.67,8.207
01-02-08,171.542,303494,9.7,101.7423078,5.9175,71.4369118,1014,180,7.5906,98.16563,3.67,8.207
01-03-08,170.054,303707,10.5,101.7095296,5.97,71.40616088,967,181.4,7.6562,97.66451,3.67,8.207
01-04-08,168.337,303926,10.3,101.6602152,5.9175,71.42763709,1008,183,7.6992,97.09966,4.15,6.064
01-05-08,166.658,304157,10.7,101.5651748,6.036,71.20376424,995,185.7,7.7112,96.6941,4.15,6.064
01-06-08,165.017,304396,10.7,101.3947806,6.32,71.12691593,1180,188.1,7.7289,96.56657,4.15,6.064
01-07-08,163.567,304646,10.5,101.1332775,6.426,70.9376369,921,191,7.7754,96.78374,5.16,5.199
01-08-08,161.989,304903,11.3,100.7762276,6.4775,70.71813509,858,192.6,7.7902,97.05888,5.16,5.199
01-09-08,160.309,305158,10.9,100.3344215,6.0375,70.54013549,797,193.8,7.8595,97.1402,5.16,5.199
01-10-08,158.329,305403,11.6,99.84436378,6.2,70.39216245,736,191.8,7.9653,96.76283,7.05,5.897
01-11-08,156.142,305620,11.4,99.35148312,6.0875,69.94273286,626,189.6,8.0158,96.48844,7.05,5.897
01-12-08,153.618,305827,11.2,98.89725679,5.286,69.55779473,554,187.1,8.1921,96.48046,7.05,5.897
01-01-09,151.504,306035,12.2,98.5070711,5.0475,69.02579833,545,186.9,8.2737,96.48817,7.88,6.591
01-02-09,150.012,306237,10.5,98.19658507,5.13,68.72515975,558,185.6,8.3031,96.46033,7.88,6.591
01-03-09,148.659,306438,11,97.97338615,5.0025,68.21274787,513,184.7,8.3693,96.67623,7.88,6.591
01-04-09,147.949,306645,10.7,97.83283696,4.81,68.12060173,521,184.4,8.3729,97.15536,8.21,5.958
01-05-09,147.696,306863,9.3,97.76717991,4.8575,67.7652672,556,184.5,8.4307,97.56764,8.21,5.958
01-06-09,148.09,307090,8.5,97.7685253,5.42,67.81073424,601,184.4,8.4405,97.73833,8.21,5.958
01-07-09,148.409,307322,7.9,97.82638028,5.222,67.70047316,595,184.4,8.4451,97.68999,9.49,6.325
01-08-09,148.276,307570,7.5,97.93059751,5.1925,67.32831979,616,185.6,8.445,97.73669,9.49,6.325
01-09-09,148.023,307826,7.8,98.07017177,5.0575,66.88108259,609,185.4,8.4442,97.92684,9.49,6.325
01-10-09,147.848,308071,7.4,98.22858765,4.952,66.60321309,583,184.6,8.4711,97.95853,10.97,7.568
01-11-09,148.133,308289,7.6,98.39026941,4.875,66.67090804,623,185.5,8.5008,97.97353,10.97,7.568
01-12-09,147.929,308495,8,98.54559423,4.93,66.41049104,664,185.9,8.496,98.15971,10.97,7.568
01-01-10,147.395,308706,8.1,98.69557291,5.03,66.75059258,636,187.6,8.4581,98.33228,11.36,7.014
01-02-10,145.632,308904,8.3,98.84593629,4.99,66.70921369,650,187.9,8.5074,98.3911,11.36,7.014
01-03-10,145.86,309095,7.1,99.00140601,4.9675,66.73215681,687,189.8,8.5045,98.38779,11.36,7.014
01-04-10,146.401,309289,6.2,99.15973864,5.098,66.86832546,637,191.8,8.5352,98.36599,10.72,6.017
01-05-10,146.391,309485,9.3,99.3144723,4.8875,66.75546967,575,193,8.5899,98.36463,10.72,6.017
01-06-10,145.717,309691,8.3,99.4573131,4.7375,66.75205672,587,191.6,8.609,98.26317,10.72,6.017
01-07-10,144.988,309913,8.9,99.58062688,4.564,66.73231854,579,191.2,8.6188,97.95951,10.67,4.672
01-08-10,143.912,310146,8.8,99.67695662,4.4275,66.78321107,580,191.7,8.6691,97.77431,10.67,4.672
01-09-10,143.015,310385,7.6,99.73977305,4.346,66.65975322,563,191.4,8.7001,97.72009,10.67,4.672
01-10-10,142.525,310612,8.2,99.76599297,4.225,66.45845351,558,192.2,8.7494,97.82516,10.5,4.096
01-11-10,142.169,310820,8.2,99.75580143,4.3,66.36833365,560,192.9,8.77,98.09965,10.5,4.096
01-12-10,142.061,311020,7,99.71491118,4.714,66.49392011,632,193.9,8.8018,98.36723,10.5,4.096
01-01-11,141.526,311204,7.3,99.65923249,4.755,66.68076578,576,195.9,8.8231,98.48273,10.51,5.567
01-02-11,140.356,311373,8.1,99.6064953,4.9525,66.59862828,542,197.6,8.8869,98.4304,10.51,5.567
01-03-11,139.987,311551,7.2,99.56882277,4.836,66.68599575,583,200.8,8.9435,98.17056,10.51,5.567
01-04-11,140.011,311740,6.7,99.54498567,4.84,66.53967419,581,203,9.0049,98.10826,10.29,3.208
01-05-11,139.904,311935,6.6,99.5296541,4.6375,66.53673684,618,204.3,9.0755,98.09151,10.29,3.208
01-06-11,139.86,312147,6.6,99.52144578,4.51,66.41428403,636,204.4,9.151,97.76377,10.29,3.208
01-07-11,139.727,312372,6.7,99.53017934,4.545,66.40140706,621,205.3,9.3166,97.14838,10.28,3.64
01-08-11,139.306,312605,6.5,99.56933991,4.27,66.66701059,647,204.2,9.5076,96.62312,10.28,3.64
01-09-11,138.667,312842,6.3,99.64719956,4.106,66.68711102,610,204.7,9.5283,96.55147,10.28,3.64
01-10-11,137.954,313060,6,99.75556556,4.0675,66.66569315,671,203.7,9.5621,96.79858,10.52,4.221
01-11-11,137.154,313260,5.7,99.87853508,3.9925,66.81656312,706,203.7,9.6126,97.26977,10.52,4.221
01-12-11,136.676,313454,5.3,99.99886332,3.958,66.85456158,697,203.3,9.6601,97.8526,10.52,4.221
01-01-12,136.607,313636,5.3,100.1031422,3.915,66.92927661,712,204.7,9.7333,98.34948,10.4,4.65
01-02-12,136.529,313811,4.8,100.1812231,3.89,66.96576337,738,206.1,9.7857,98.6265,10.4,4.65
01-03-12,137.903,313993,4.9,100.2266311,3.954,66.98648921,806,208.1,9.8306,98.75999,10.4,4.65
01-04-12,139.155,314176,4.9,100.2386898,3.91,66.92278862,732,208.7,9.8846,98.7974,10.26,3.613
01-05-12,140.156,314368,4.7,100.2197083,3.798,67.06270949,796,208.3,9.9284,98.7373,10.26,3.613
01-06-12,141.029,314576,4.8,100.1744003,3.675,67.12955756,794,207.2,9.9993,98.51726,10.26,3.613
01-07-12,141.667,314796,4.6,100.1113804,3.55,67.04849545,849,206.6,10.0518,98.43972,10.62,3.82
01-08-12,142.277,315031,4.6,100.0408382,3.602,67.00507623,840,208.2,10.1213,98.62255,10.62,3.82
01-09-12,142.907,315264,4.5,99.97337646,3.4975,67.31248165,930,209.5,10.2008,98.96298,10.62,3.82
01-10-12,143.6,315485,4.9,99.91929121,3.3825,67.49576393,887,208.7,10.2673,99.20711,10.18,3.459
01-11-12,144.585,315692,4.6,99.88624654,3.352,67.27768067,917,207.4,10.3376,99.11413,10.18,3.459
01-12-12,145.501,315877,4.5,99.87589391,3.345,67.29549972,941,207.4,10.4597,98.75469,10.18,3.459
01-01-13,146.835,316038,4,99.8788662,3.414,67.26017539,940,209,10.4795,98.61649,9.72,2.854
01-02-13,147.784,316191,4.1,99.88309045,3.5325,67.24302653,980,211.4,10.482,98.72734,9.72,2.854
01-03-13,149.965,316357,4.2,99.88098843,3.565,67.17693881,936,211.7,10.55,98.9069,9.72,2.854
01-04-13,151.521,316535,4.4,99.87644709,3.445,67.27221245,1012,211.7,10.5859,99.13524,9.18,2.375
01-05-13,152.854,316729,4.6,99.87775585,3.536,67.34242731,1003,211.5,10.6282,99.49946,9.18,2.375
01-06-13,154.194,316934,4.1,99.89062458,4.07,67.36664389,942,211,10.6849,99.68776,9.18,2.375
01-07-13,155.606,317156,5.5,99.91068789,4.37,67.49126816,997,210.8,10.7308,99.64718,8.6,2.293
01-08-13,156.973,317397,5.5,99.92805655,4.456,67.41939121,964,211.6,10.7902,99.3448,8.6,2.293
01-09-13,158.234,317635,5.4,99.93122845,4.49,67.46938978,1004,211.7,10.8413,98.9345,8.6,2.293
01-10-13,159.247,317864,4.9,99.91108443,4.192,67.12867199,1044,211.1,10.9567,98.68085,8.36,2.422
01-11-13,160.075,318076,5,99.86431248,4.255,67.44181786,1029,210.7,10.969,98.78904,8.36,2.422
01-12-13,160.997,318276,5.2,99.79837218,4.4575,67.5381834,1005,211,11.0288,99.11606,8.36,2.422
01-01-14,161.948,318464,5.1,99.73820995,4.432,67.71342406,976,212.7,11.0789,99.30221,7.82,2.564
01-02-14,162.53,318642,5.3,99.71323975,4.3025,67.68507621,1039,214,11.161,99.37769,7.82,2.564
01-03-14,163.093,318827,5.6,99.74395994,4.3425,67.91706995,1067,214.9,11.2002,99.41241,7.82,2.564
01-04-14,163.4,319020,5.7,99.82600738,4.3375,67.94190207,1090,215.5,11.2569,99.49106,7.32,2.342
01-05-14,163.666,319225,5.2,99.94248446,4.192,68.02925515,1018,215.8,11.3263,99.47639,7.32,2.342
01-06-14,164.04,319438,5.7,100.0723754,4.1625,68.15727373,1010,216,11.3807,99.44794,7.32,2.342
01-07-14,164.574,319670,6.2,100.1963938,4.13,68.17414123,1076,216.1,11.4399,99.43913,6.95,2.314
01-08-14,165.219,319919,5.4,100.2997643,4.115,68.23137627,1047,216.2,11.4694,99.54134,6.95,2.314
01-09-14,165.909,320166,5.4,100.3753605,4.1625,68.28201274,1077,216.1,11.5028,99.76144,6.95,2.314
01-10-14,166.646,320403,5.3,100.4282244,4.036,68.57216584,1094,214.4,11.5634,100.0709,6.71,2.357
01-11-14,167.339,320616,5.7,100.4678917,3.9975,68.50972534,1059,213.2,11.6047,100.4505,6.71,2.357
01-12-14,168.058,320815,5.1,100.5022597,3.864,68.4813857,1072,211,11.6815,100.8715,6.71,2.357
01-01-15,168.663,320997,4.8,100.5323539,3.67,68.5453485,1049,207.6,11.7452,101.1551,6.15,2.409
01-02-15,169.138,321164,4.5,100.5547777,3.71,68.53634874,1127,208.6,11.8639,101.1576,6.15,2.409
01-03-15,169.812,321344,5.1,100.5644168,3.77,68.42959531,1072,209.7,11.8796,101.054,6.15,2.409
01-04-15,170.312,321538,4.9,100.5576431,3.672,68.69088735,1166,209.6,11.9274,100.9952,5.71,2.335
01-05-15,170.894,321740,5,100.5318381,3.84,68.79946789,1272,211.9,11.9603,100.909,5.71,2.335
01-06-15,171.437,321954,5.4,100.4860583,3.9825,68.68994409,1379,212,12.0058,100.9241,5.71,2.335
01-07-15,172.131,322186,5.2,100.4230274,4.046,68.63888059,1140,211.4,12.0584,100.801,5.43,2.328
01-08-15,172.948,322427,5,100.3474495,3.905,68.76420044,1165,209.8,12.1095,100.5976,5.43,2.328
01-09-15,173.84,322670,5.9,100.2655479,3.89,68.6530404,1144,207.1,12.1645,100.4144,5.43,2.328
01-10-15,174.802,322901,5.6,100.1854998,3.796,68.71601423,1160,206.7,12.1968,100.4458,5.27,2.432
01-11-15,175.747,323113,5.5,100.1148057,3.9425,68.86618198,1244,206,12.286,100.5708,5.27,2.432
01-12-15,176.553,323318,5.1,100.0575497,3.964,69.07862545,1211,203.9,12.344,100.675,5.27,2.432
01-01-16,177.302,323509,5.6,100.0110056,3.8725,69.18856829,1171,203.4,12.47,100.689,4.83,2.614
01-02-16,177.667,323687,5.5,99.97011309,3.66,69.26292322,1172,202.2,12.5456,100.649,4.83,2.614
01-03-16,178.193,323871,5.5,99.93114659,3.694,69.2845483,1118,203.4,12.6097,100.6062,4.83,2.614
01-04-16,178.8,324061,5,99.89495095,3.605,69.18172703,1160,204.8,12.6984,100.6299,4.49,2.535
01-05-16,179.46,324260,5.1,99.86438044,3.6,69.29192466,1205,206.3,12.7656,100.7612,4.49,2.535
01-06-16,180.057,324476,5.3,99.84154691,3.568,69.20370576,1208,207.7,12.8319,100.7375,4.49,2.535
01-07-16,180.848,324697,4.5,99.82467107,3.44,69.28741973,1198,207.6,12.892,100.5801,4.28,2.54
01-08-16,181.868,324924,5,99.81033717,3.435,69.39277939,1201,207.3,12.9782,100.4664,4.28,2.54
01-09-16,182.837,325155,5.2,99.79530013,3.46,69.42798121,1303,207.5,13.0379,100.4459,4.28,2.54
01-10-16,183.751,325368,5.2,99.7780949,3.47,69.41258637,1254,207.9,13.1054,100.5284,4.25,2.578
01-11-16,184.74,325562,5.2,99.75868404,3.77,69.53930631,1230,207.2,13.1765,100.8817,4.25,2.578
01-12-16,185.69,325742,5.4,99.73825724,4.198,69.56071637,1248,208,13.2096,101.2438,4.25,2.578
01-01-17,186.793,325901,5.4,99.71918714,4.15,69.64742039,1301,210.5,13.2827,101.4028,3.9,2.642
01-02-17,187.313,326050,5.3,99.70461184,4.1675,69.71668609,1243,211.6,13.3514,101.3896,3.9,2.642
01-03-17,188.032,326207,5,99.69792521,4.196,70.01356893,1290,211.9,13.4206,101.3568,3.9,2.642
01-04-17,188.818,326371,5.4,99.70195202,4.045,70.09787111,1252,213.4,13.4829,101.3143,3.6,2.558
01-05-17,189.707,326548,5.1,99.7193526,4.01,70.01320957,1205,213.2,13.5348,101.2379,3.6,2.558
01-06-17,190.522,326743,5.3,99.75226262,3.904,70.1035437,1348,213.3,13.5589,101.1244,3.6,2.558
01-07-17,191.499,326939,5.8,99.80097749,3.9675,70.17749941,1254,213.3,13.621,101.0804,3.62,2.485
01-08-17,192.723,327140,6.1,99.86475435,3.88,70.16132366,1322,214.8,13.6796,101.1839,3.62,2.485
01-09-17,193.786,327342,5.3,99.94147687,3.805,70.47715257,1266,216.5,13.7221,101.3135,3.62,2.485
01-10-17,194.778,327528,5.5,100.0262366,3.895,70.24327849,1350,216.9,13.7774,101.474,3.73,2.584
01-11-17,195.866,327699,4.8,100.1134915,3.922,70.28001871,1290,218.1,13.8041,101.4525,3.73,2.584
01-12-17,197.044,327848,5.6,100.1986509,3.95,70.27531689,1304,218,13.8523,101.3639,3.73,2.584
01-01-18,198.201,327969,5.7,100.2794878,4.0325,70.32186477,1314,220.9,13.8682,101.3953,3.42,2.518
01-02-18,199.184,328085,5.7,100.3543396,4.33,70.60275566,1342,222.9,13.9102,101.5664,3.42,2.518
01-03-18,200.038,328219,5.3,100.4206307,4.444,70.55876972,1402,224.9,13.9655,101.6726,3.42,2.518
01-04-18,200.876,328364,5.5,100.473844,4.4675,70.58543303,1388,226.4,13.9877,101.6192,3.14,2.568
01-05-18,201.646,328521,5.4,100.5086732,4.586,70.74112063,1339,230.6,14.0412,101.529,3.14,2.568
01-06-18,202.345,328692,5.9,100.521146,4.57,70.70447361,1334,232.1,14.1026,101.4682,3.14,2.568
01-07-18,203.015,328863,6.2,100.5120938,4.5275,70.86644367,1338,232.1,14.137,101.4351,3.02,2.574
01-08-18,203.783,329040,6.5,100.4853315,4.55,70.58232124,1275,231.3,14.1874,101.4469,3.02,2.574
01-09-18,204.366,329216,6.6,100.4474268,4.6275,70.76713932,1301,231.7,14.2146,101.5344,3.02,2.574
01-10-18,205.017,329379,7,100.4087941,4.83,70.90413564,1268,232.5,14.2285,101.5157,2.9,2.618
01-11-18,205.464,329527,6.7,100.3805157,4.866,70.96908662,1325,229.2,14.2416,101.4011,2.9,2.618
01-12-18,205.867,329659,7.5,100.3713094,4.6375,70.98884237,1307,225.1,14.3588,101.2224,2.9,2.618
01-01-19,206.266,329766,6.9,100.3838422,4.464,71.01831619,1253,223.8,14.4308,101.0085,2.7,2.774
01-02-19,206.712,329862,6.4,100.4172528,4.37,71.04368243,1311,225.7,14.4723,101.0652,2.7,2.774
01-03-19,207.202,329977,5.8,100.4681559,4.265,71.07826687,1317,228.4,14.5107,101.2936,2.7,2.774
01-04-19,207.941,330103,5.7,100.5301983,4.1425,71.15513574,1330,230.9,14.541,101.4611,2.53,2.791
01-05-19,208.58,330240,6.5,100.5963931,4.072,71.15345811,1349,231.2,14.6325,101.5532,2.53,2.791
01-06-19,208.947,330393,5.3,100.6607085,3.8025,71.25223733,1303,228.4,14.7548,101.4549,2.53,2.791
01-07-19,209.496,330553,5.8,100.719417,3.765,71.26593493,1363,229.8,14.8338,101.212,2.42,2.725
01-08-19,210.231,330729,5.6,100.7706005,3.616,71.43585761,1485,227.9,14.9198,100.9019,2.42,2.725
01-09-19,210.911,330904,5.4,100.8141129,3.605,71.72250301,1461,227.2,15.0048,100.9018,2.42,2.725
01-10-19,211.598,331066,5.4,100.8521354,3.688,71.68721324,1520,227.5,15.1442,101.1143,2.38,2.597
01-11-19,212.446,331213,5.6,100.8860752,3.695,71.67652071,1497,226.9,15.2499,101.3957,2.38,2.597
01-12-19,213.434,331345,5.6,100.9139185,3.72,71.68861332,1439,226.7,15.3191,101.6343,2.38,2.597
01-01-20,214.49,331443,5.5,100.9279382,3.624,71.772376,1493,228,15.4018,101.6326,2.37,2.77
01-02-20,215.549,331525,5.7,100.9164094,3.465,71.78967495,1457,227.3,15.4587,101.1843,2.37,2.77
01-03-20,216.602,331633,6.5,96.04893134,3.45,70.5640085,1383,224.5,15.9886,100.1392,2.37,2.77
01-04-20,217.464,331680,6.7,93.06135285,3.306,60.26101437,1084,215.2,17.0025,99.00238,2.47,2.851
01-05-20,217.689,331678,5.3,91.54305716,3.2325,62.24638024,1256,216.5,17.8352,98.47874,2.47,2.851
01-06-20,218.139,331718,3.9,93.35001042,3.1625,64.79148629,1338,221.2,18.1293,98.4266,2.47,2.851
01-07-20,219.702,331777,3.5,95.13524369,3.016,65.39307036,1553,225.3,18.2778,98.44471,2.84,2.688
01-08-20,222.539,331839,3.3,96.89711959,2.935,66.86129691,1520,228.9,18.3574,98.65604,2.84,2.688
01-09-20,225.793,331907,3.4,97.07816872,2.89,66.93470585,1614,231.9,18.5752,98.98322,2.84,2.688
01-10-20,229.403,331971,3.4,97.26310626,2.834,67.83905746,1599,231.8,18.7357,99.13896,2.85,2.744
01-11-20,232.673,331996,4.1,97.46491995,2.765,67.76742521,1682,230.7,18.9698,99.09383,2.85,2.744
01-12-20,235.7,331968,4.1,97.83374919,2.684,67.9143578,1730,234.3,19.1248,99.09704,2.85,2.744
01-01-21,238.784,331943,4,98.2279404,2.735,68.18534226,1843,240.6,19.3726,99.10342,2.66,2.8
01-02-21,241.845,331950,4.8,98.60624352,2.81,68.40536123,1743,246.1,19.6154,99.24959,2.66,2.8
01-03-21,245.796,331953,4.2,98.82642006,3.0825,68.59722965,1773,253.6,19.8537,99.63319,2.66,2.8
01-04-21,250.094,331963,4.7,99.00261454,3.06,68.70261216,1765,258.2,20.1105,99.88905,2.41,2.721
01-05-21,254.556,332008,5.4,99.1508999,2.9625,68.9805578,1691,268.1,20.4176,99.82759,2.41,2.721
01-06-21,259.249,332092,5.8,99.31759043,2.975,69.11903788,1661,274.8,20.4591,99.60782,2.41,2.721
01-07-21,263.349,332192,6,99.49340544,2.868,69.66496755,1655,274.524,20.62,99.1176,2.3,2.821
01-08-21,267.028,332295,6.5,99.67414124,2.8425,69.69373307,1772,270.932,20.8523,98.52142,2.3,2.821
01-09-21,270.258,332403,6.1,99.85092285,2.9,69.96268289,1615,271.332,20.9914,98.20805,2.3,2.821
01-10-21,273.154,332513,6.9,99.99999173,3.0675,70.13436326,1698,275.594,21.142,98.0117,2.33,
01-11-21,276.429,332598,6.2,100.0948798,3.0675,70.58731728,1729,279.891,21.3433,97.84065,2.33,
01-12-21,280.19,332640,5.6,100.1206223,3.098,70.79960981,1896,282.949,21.4832,97.73489,2.33,
01-01-22,284.767,332684,5.7,100.0917443,3.445,70.74889886,1841,294.807,21.6593,97.49467,2.13,
01-02-22,290.371,332750,6,100.0340136,3.7625,70.89030661,1857,303.546,21.7497,97.18996,2.13,
01-03-22,296.496,332812,7,,,,,,,,,
01-04-22,301.704,332863,8.6,,,,,,,,,
01-05-22,304.831,332928,8.4,,,,,,,,,
